date,beta_kalman
2016-07-26,0.8370948300527952
2016-07-27,0.8662917970247392
2016-07-28,0.8466516017962816
2016-07-29,0.8785728382386289
2016-08-01,0.9169640707265543
2016-08-02,1.0256333372298871
2016-08-03,1.0774154176301287
2016-08-04,1.075406729234592
2016-08-05,0.9963376804802279
2016-08-08,0.9858512474432993
2016-08-09,0.9839628584515024
2016-08-10,0.956452712362791
2016-08-11,0.9356447680497432
2016-08-12,0.9430531425630753
2016-08-16,0.9731779443309437
2016-08-17,0.9533507008927541
2016-08-18,0.935890988238127
2016-08-19,0.9396479086418771
2016-08-22,0.9320244516347542
2016-08-23,0.9650920144461256
2016-08-24,0.8795011568379314
2016-08-25,0.9021609974758368
2016-08-26,0.9272366529199552
2016-08-29,0.9149987069776435
2016-08-30,0.905124480249929
2016-08-31,0.9034713648955831
2016-09-01,0.9034013315098067
2016-09-02,0.8911056374234354
2016-09-06,0.8500076311894901
2016-09-07,0.8501533416097738
2016-09-08,0.8156385702136124
2016-09-09,0.8334741670855828
2016-09-12,0.7432277038748496
2016-09-13,0.7848181980880206
2016-09-14,0.7862344645671727
2016-09-15,0.7820779166179042
2016-09-16,0.7787561947244906
2016-09-19,0.7786364481151147
2016-09-20,0.7810129456956239
2016-09-21,0.8353855932373586
2016-09-22,0.880590668919144
2016-09-23,0.8755198824879793
2016-09-26,0.8008935915589174
2016-09-27,0.8496982040131379
2016-09-28,0.9192650863620532
2016-09-29,0.9572204314054961
2016-09-30,0.9528653062355699
2016-10-03,0.9060509274781394
2016-10-04,0.8673868776128788
2016-10-05,0.8584797834803216
2016-10-06,0.8555027118095144
2016-10-07,0.8378992013697365
2016-10-11,0.8517147637620857
2016-10-12,0.850705997242079
2016-10-13,0.8523774580120056
2016-10-14,0.8524345249405136
2016-10-17,0.8496833009310291
2016-10-18,0.8088561270211886
2016-10-19,0.8054335912993577
2016-10-20,0.8012276223127281
2016-10-21,0.8003729821493953
2016-10-24,0.7781498868757185
2016-10-25,0.7642435416579599
2016-10-26,0.7805950582504131
2016-10-27,0.7914329463188103
2016-10-28,0.7985507728744826
2016-10-31,0.7991846055377324
2016-11-01,0.840103077337823
2016-11-02,0.8638136427978402
2016-11-03,0.8727748151464093
2016-11-04,0.8876701062212098
2016-11-07,0.9213146833806447
2016-11-08,0.9170839826062221
2016-11-09,0.797725880133722
2016-11-10,0.7780770241418058
2016-11-11,0.7706376223812438
2016-11-14,0.7722148705364106
2016-11-15,0.8887725959175495
2016-11-16,0.8817484125009599
2016-11-17,0.8824463893944935
2016-11-18,0.8740300287354944
2016-11-21,0.9437748244312947
2016-11-22,0.9632213767018583
2016-11-23,0.9654774354079805
2016-11-25,0.9507475560127611
2016-11-29,0.9698434904065518
2016-11-30,0.9954114301658652
2016-12-01,1.0005337710942925
2016-12-02,0.998218149572827
2016-12-05,0.9816236637269639
2016-12-06,1.0007217544745648
2016-12-07,0.8988739923914314
2016-12-12,0.864428616663696
2016-12-13,0.9105503582231712
2016-12-14,0.9648794144565401
2016-12-15,0.9832087486643187
2016-12-16,0.985909490944737
2016-12-19,0.9676792248979533
2016-12-20,0.9626862281538247
2016-12-21,0.9503190579182801
2016-12-22,0.9529308350317519
2016-12-23,0.9591538032803435
2016-12-27,0.9498282022513351
2016-12-28,0.9154716835542698
2016-12-29,0.9132220821239138
2016-12-30,0.9057363255645406
2017-01-03,0.940229243300453
2017-01-04,0.8910234337430584
2017-01-05,0.8898390995904535
2017-01-06,0.8982711204663995
2017-01-09,0.891182689917646
2017-01-10,0.891182689917646
2017-01-11,0.8692122443098876
2017-01-12,0.8653543768835356
2017-01-13,0.8702706607801867
2017-01-17,0.872330030993702
2017-01-18,0.8679539635588366
2017-01-19,0.8671930606051239
2017-01-20,0.8763164784337045
2017-01-23,0.8240782521878806
2017-01-24,0.7419917202365579
2017-01-25,0.7975643084196475
2017-01-26,0.8021248973596393
2017-01-27,0.7982353680536285
2017-01-30,0.8379537506898957
2017-01-31,0.8382846335427492
2017-02-01,0.8381445454982085
2017-02-02,0.8418626882277717
2017-02-03,0.8172237640051144
2017-02-06,0.818198350533483
2017-02-07,0.8180876242870839
2017-02-08,0.8204856751803719
2017-02-09,0.8362994190003222
2017-02-10,0.8376188471562758
2017-02-13,0.8183048942978763
2017-02-14,0.8180562451717898
2017-02-15,0.8242256509356937
2017-02-16,0.8243093023832209
2017-02-17,0.8237323092180676
2017-02-21,0.8021024810125308
2017-02-22,0.8018749439067689
2017-02-23,0.8012678426348337
2017-02-24,0.7937648877020491
2017-03-01,0.819833607016825
2017-03-02,0.8215256442629182
2017-03-03,0.821144836632231
2017-03-06,0.8085550104533282
2017-03-07,0.8235449993221176
2017-03-08,0.8210137996084402
2017-03-09,0.819018183060692
2017-03-10,0.8115296819930522
2017-03-13,0.8118758079420808
2017-03-14,0.8009070124804177
2017-03-15,0.8040845985740777
2017-03-16,0.7983809135809675
2017-03-17,0.7875534561039895
2017-03-20,0.8002333534792341
2017-03-21,0.7076503117494131
2017-03-22,0.7054663602781356
2017-03-23,0.7036102534098626
2017-03-27,0.7055985276985757
2017-03-28,0.6931374083824937
2017-03-29,0.6934248456155845
2017-03-30,0.677732969370723
2017-03-31,0.6658926555522087
2017-04-03,0.6642538510108087
2017-04-04,0.6668406064644279
2017-04-05,0.6620834308637765
2017-04-06,0.6724076737127128
2017-04-07,0.673225431390464
2017-04-10,0.6769925948956252
2017-04-11,0.6702346786515923
2017-04-12,0.6663225242284632
2017-04-17,0.6657776500809652
2017-04-18,0.672257459628075
2017-04-19,0.6867783980353769
2017-04-20,0.7011065948973898
2017-04-21,0.7000182395869172
2017-04-24,0.6978181820974958
2017-04-25,0.6995314808144248
2017-04-26,0.6987800915015778
2017-04-27,0.698132561902793
2017-04-28,0.6988967148172768
2017-05-02,0.7111832074933676
2017-05-03,0.7148593285806899
2017-05-04,0.7158318320756244
2017-05-05,0.6990671487887028
2017-05-08,0.6988787007359147
2017-05-09,0.6997660860135313
2017-05-10,0.7015520064354305
2017-05-11,0.6999806395987881
2017-05-12,0.7080172492747604
2017-05-15,0.707334575887127
2017-05-16,0.7109848177867326
2017-05-17,0.6704679202358204
2017-05-18,0.6295872367209211
2017-05-19,0.6395837340016315
2017-05-22,0.6380982950872158
2017-05-23,0.6410801820780283
2017-05-24,0.6455198775441172
2017-05-26,0.6597435815351831
2017-05-30,0.6519026993763195
2017-05-31,0.6501209474671743
2017-06-01,0.6414151108290557
2017-06-02,0.63901232341036
2017-06-05,0.6415315646755869
2017-06-06,0.6338458609882718
2017-06-07,0.6371721878710883
2017-06-08,0.6360503983987625
2017-06-09,0.6358527456849177
2017-06-12,0.638999500232915
2017-06-13,0.6391419719901201
2017-06-14,0.6408223485404431
2017-06-15,0.6534987863852143
2017-06-16,0.6533563865652322
2017-06-19,0.6490314566054942
2017-06-21,0.6947840405167806
2017-06-22,0.6913191615378144
2017-06-23,0.6908849847521277
2017-06-26,0.6898643020053191
2017-06-27,0.6807725360910569
2017-06-28,0.6512678577799729
2017-06-29,0.6503340408847693
2017-06-30,0.6505682017754366
2017-07-03,0.6582506946464112
2017-07-05,0.6639824419895197
2017-07-06,0.6660191118942598
2017-07-07,0.6694123910532229
2017-07-10,0.6675236754451565
2017-07-11,0.6671970869311122
2017-07-12,0.683936240372761
2017-07-13,0.6732307490978428
2017-07-14,0.6846202475877239
2017-07-17,0.6849107048001927
2017-07-18,0.6801541597072709
2017-07-19,0.7112942919852172
2017-07-20,0.7110033949421976
2017-07-21,0.7110853657708364
2017-07-24,0.7116014825210549
2017-07-25,0.7073171234349911
2017-07-26,0.7064990382131444
2017-07-27,0.7041090657238473
2017-07-28,0.7108229400223512
2017-07-31,0.7100319985204577
2017-08-01,0.714347601514966
2017-08-02,0.7166118927939896
2017-08-03,0.7155298139301091
2017-08-04,0.7125446149032919
2017-08-07,0.7012847217429213
2017-08-08,0.6954858471601558
2017-08-09,0.6959224914700259
2017-08-10,0.6605922323047126
2017-08-11,0.6597297017772527
2017-08-14,0.7358043324735679
2017-08-15,0.7333451832572796
2017-08-16,0.7325821172699455
2017-08-17,0.6786805972422477
2017-08-18,0.681229379971789
2017-08-22,0.692176622778064
2017-08-23,0.686229267091896
2017-08-24,0.6830052783847246
2017-08-25,0.6775858536318128
2017-08-28,0.6769115905978083
2017-08-29,0.6745918335508847
2017-08-30,0.6936368848824437
2017-08-31,0.686083002705483
2017-09-01,0.6847866060298897
2017-09-05,0.6564598812231571
2017-09-06,0.6620644086791652
2017-09-07,0.6618251860259923
2017-09-08,0.6675670212289488
2017-09-11,0.6174789390908656
2017-09-12,0.6682771583215626
2017-09-13,0.6693995728471501
2017-09-14,0.6724139484839916
2017-09-15,0.6712559520930291
2017-09-18,0.6680738932700232
2017-09-19,0.6703997490158836
2017-09-20,0.6697419884295662
2017-09-21,0.6648343826474926
2017-09-22,0.6642847586014591
2017-09-25,0.6694296921746338
2017-09-26,0.6692178032340276
2017-09-27,0.6840445446047474
2017-09-28,0.6848055705678202
2017-09-29,0.7023377808486115
2017-10-02,0.6969107588363848
2017-10-03,0.6959818498933613
2017-10-04,0.6936022746503291
2017-10-05,0.6955270836969302
2017-10-06,0.6989141540994476
2017-10-10,0.7011109323041103
2017-10-11,0.7036716437151895
2017-10-12,0.7056730700323496
2017-10-13,0.7046048908426836
2017-10-17,0.6972916672633067
2017-10-18,0.6963655462312316
2017-10-19,0.6985725614315493
2017-10-20,0.6964734883708086
2017-10-23,0.6932294177356356
2017-10-24,0.6910503330928955
2017-10-25,0.6988241086898955
2017-10-26,0.6990300470251846
2017-10-27,0.713435257160919
2017-10-30,0.7036083128594524
2017-10-31,0.710154704877022
2017-11-01,0.7165887624331051
2017-11-02,0.7165807792014193
2017-11-03,0.7207109155007906
2017-11-07,0.7253123616124714
2017-11-08,0.7370340394720214
2017-11-09,0.7553279275400354
2017-11-10,0.7632216785994839
2017-11-13,0.760336461706742
2017-11-14,0.771627835493769
2017-11-15,0.7557738507590916
2017-11-16,0.7923079993713498
2017-11-17,0.8044990253505013
2017-11-21,0.7884026976585212
2017-11-22,0.7848824791737433
2017-11-24,0.7789052999749663
2017-11-28,0.7207613576596239
2017-11-29,0.7203633870710298
2017-11-30,0.7252154542672712
2017-12-01,0.7222456705052803
2017-12-04,0.7272568073337266
2017-12-05,0.7306683885935897
2017-12-06,0.7306729059339971
2017-12-07,0.749834516384199
2017-12-11,0.7205667307497242
2017-12-12,0.7197924285817724
2017-12-13,0.7213312563262139
2017-12-14,0.7263813823205275
2017-12-15,0.7317072532673617
2017-12-18,0.7168048989353291
2017-12-19,0.7086994677261977
2017-12-20,0.7083719023773237
2017-12-21,0.710990015553656
2017-12-22,0.7090383439724299
2017-12-26,0.710826088350617
2017-12-27,0.7107640300314217
2017-12-28,0.7168952931897974
2018-01-02,0.7557083822199456
2018-01-03,0.7848795515061905
2018-01-04,0.7780908857639155
2018-01-05,0.7517025590218446
2018-01-08,0.7428907583737289
2018-01-09,0.7437426962300926
2018-01-10,0.7450823726968006
2018-01-11,0.7388453423267882
2018-01-12,0.7604255006003762
2018-01-16,0.7466142633567725
2018-01-17,0.7458768049825542
2018-01-18,0.741889489270864
2018-01-19,0.7322376662500671
2018-01-22,0.7144769255016474
2018-01-23,0.7142133927560488
2018-01-24,0.7141497410284802
2018-01-25,0.7138563202433016
2018-01-26,0.7217032191530264
2018-01-29,0.7323377093112106
2018-01-30,0.6893178830442189
2018-01-31,0.6912600180226547
2018-02-01,0.6939578591174784
2018-02-02,0.7787523225513878
2018-02-05,0.9164344276592171
2018-02-06,0.91670958227979
2018-02-07,0.892984922874426
2018-02-08,0.8883197228082312
2018-02-09,0.8431143227066593
2018-02-14,0.7898477705683347
2018-02-15,0.7636288700489808
2018-02-16,0.7636832130482747
2018-02-20,0.7739844115510728
2018-02-21,0.7662123727159149
2018-02-22,0.765420420285276
2018-02-23,0.7434432368412174
2018-02-26,0.7320790271369326
2018-02-27,0.7579069842662731
2018-02-28,0.7533822849448893
2018-03-01,0.7463136888525248
2018-03-02,0.7309862378347061
2018-03-05,0.7397157385521792
2018-03-06,0.7475941325878067
2018-03-07,0.7472449646380336
2018-03-08,0.7456170180766065
2018-03-09,0.7285725558723724
2018-03-12,0.7273885989952642
2018-03-13,0.7217747029851586
2018-03-14,0.7234414881021641
2018-03-15,0.7263742002868063
2018-03-16,0.7248339314839304
2018-03-19,0.7202237783208967
2018-03-20,0.7194830534970934
2018-03-21,0.7140395650956184
2018-03-22,0.638282695909085
2018-03-23,0.6630440679421395
2018-03-26,0.573820467145492
2018-03-27,0.5946163689223276
2018-03-28,0.5889855331783368
2018-04-03,0.5901795482604926
2018-04-04,0.5831034491613347
2018-04-05,0.5974544017481138
2018-04-06,0.618426090246744
2018-04-09,0.625786375882184
2018-04-10,0.64826042143958
2018-04-11,0.647862785846323
2018-04-12,0.6379117428443435
2018-04-13,0.6380882615777731
2018-04-16,0.646243488024621
2018-04-17,0.6535919211558769
2018-04-18,0.6550009497964111
2018-04-19,0.6487054345719127
2018-04-20,0.6514004664183645
2018-04-23,0.6513936654298959
2018-04-24,0.681807422226707
2018-04-25,0.6810565304782992
2018-04-26,0.6574626129463289
2018-04-27,0.6595608014560574
2018-05-02,0.6630253206752155
2018-05-03,0.6716165758895515
2018-05-04,0.6776609459044759
2018-05-07,0.6654208612564693
2018-05-08,0.6661364443885509
2018-05-09,0.7209121908139339
2018-05-10,0.7378108975057333
2018-05-11,0.7328853053532014
2018-05-14,0.7355838759027273
2018-05-15,0.7128351118669022
2018-05-16,0.7003411082415298
2018-05-17,0.6993098851235809
2018-05-18,0.6973341061441101
2018-05-21,0.6864346800083906
2018-05-22,0.6857581189133046
2018-05-23,0.6823138648703191
2018-05-24,0.6860791956421833
2018-05-29,0.7206381714038398
2018-05-30,0.7395985074709557
2018-05-31,0.7442236990639212
2018-06-01,0.7112578002897946
2018-06-04,0.7053596033270557
2018-06-05,0.7073499843697342
2018-06-06,0.7303832811079801
2018-06-07,0.7308319277840466
2018-06-08,0.7383985208908329
2018-06-11,0.7381125088764058
2018-06-12,0.7363280129336643
2018-06-13,0.732483042013591
2018-06-14,0.7269043134641856
2018-06-15,0.7274009816601392
2018-06-18,0.731714118518052
2018-06-19,0.719438581002716
2018-06-21,0.6775612586808142
2018-06-22,0.6833369042735874
2018-06-25,0.7301530741648777
2018-06-26,0.7294275777869684
2018-06-27,0.7615866474567302
2018-06-28,0.7617942338731996
2018-06-29,0.7643347347517238
2018-07-02,0.7616310758414713
2018-07-03,0.7573990224778109
2018-07-05,0.7760222008821609
2018-07-06,0.7928259520116954
2018-07-10,0.8333797984260651
2018-07-11,0.8462908781263684
2018-07-12,0.8423041625681061
2018-07-13,0.8402911856417226
2018-07-16,0.8440575545451969
2018-07-17,0.8426420299794468
2018-07-18,0.839985717969036
2018-07-19,0.8492559909340971
2018-07-20,0.84529054159345
2018-07-23,0.8505735342712605
2018-07-24,0.8566475504640314
2018-07-25,0.8595040767466955
2018-07-26,0.8695456593657956
2018-07-27,0.8684351137213587
2018-07-30,0.8744936181718752
2018-07-31,0.8709006063875926
2018-08-01,0.870093495525948
2018-08-02,0.8728909244585641
2018-08-03,0.8812759754783391
2018-08-06,0.8749758067826994
2018-08-07,0.8638718285950542
2018-08-08,0.8651412391795583
2018-08-09,0.8644737109707005
2018-08-10,0.8551683407954318
2018-08-13,0.8646423571001726
2018-08-14,0.8847420831999993
2018-08-15,0.8705374745155133
2018-08-16,0.866481318579802
2018-08-17,0.8612088731702313
2018-08-21,0.8692639324386043
2018-08-22,0.8691606463592314
2018-08-23,0.8693432299787842
2018-08-24,0.8299795718225124
2018-08-27,0.8145689362583508
2018-08-28,0.8133076429598058
2018-08-29,0.8245867507519263
2018-08-30,0.8442201797910679
2018-08-31,0.8451143242282503
2018-09-04,0.8561478423581064
2018-09-05,0.859461987951923
2018-09-06,0.8643297667919062
2018-09-07,0.8560752188359966
2018-09-10,0.8559580690710576
2018-09-11,0.8463418363219655
2018-09-12,0.8457804827333991
2018-09-13,0.8487056575328633
2018-09-14,0.8483081336517555
2018-09-17,0.8417993919699363
2018-09-18,0.8389938266615936
2018-09-19,0.8371413497432182
2018-09-20,0.8489154175161124
2018-09-21,0.8481440633143499
2018-09-24,0.8460263648566515
2018-09-25,0.8462415479903853
2018-09-26,0.8425776751750541
2018-09-27,0.8423572987245416
2018-09-28,0.8423562751191419
2018-10-01,0.8458581852251521
2018-10-02,0.8460464364384112
2018-10-03,0.8481609022186404
2018-10-04,0.8628627242652745
2018-10-05,0.8600925488713965
2018-10-08,0.8599022102747578
2018-10-09,0.8635250035160213
2018-10-10,0.8289021271096713
2018-10-11,0.8495457715530288
2018-10-12,0.8414532094668925
2018-10-16,0.8486706159042623
2018-10-17,0.8488031684848274
2018-10-18,0.8744810812307228
2018-10-19,0.8737312367516196
2018-10-22,0.8715017429156523
2018-10-23,0.8789062619850809
2018-10-24,0.856235286985027
2018-10-25,0.8316750824335579
2018-10-26,0.8225595140932452
2018-10-29,0.841967397167119
2018-10-30,0.8749967711547918
2018-10-31,0.8988848685989614
2018-11-01,0.896805820994192
2018-11-02,0.8933144179401727
2018-11-05,0.8896663996096404
2018-11-07,0.890043459578882
2018-11-08,0.8922917054257183
2018-11-09,0.8943709322245496
2018-11-12,0.8995771086096248
2018-11-13,0.9008579242233544
2018-11-14,0.8825548778932322
2018-11-15,0.8747073304555425
2018-11-16,0.877834780897225
2018-11-20,0.8781547454093555
2018-11-21,0.8774130516035787
2018-11-23,0.8635351933472603
2018-11-26,0.8550850441822301
2018-11-27,0.8442166830562703
2018-11-28,0.8878282808657576
2018-11-29,0.8826940961685323
2018-11-30,0.881242502143454
2018-12-03,0.8883558256313363
2018-12-04,0.9260915599855061
2018-12-06,0.9267898735985896
2018-12-07,0.9166306732862725
2018-12-10,0.9148824181741597
2018-12-11,0.9148574592432122
2018-12-12,0.9059335419121349
2018-12-13,0.9058002824586215
2018-12-14,0.9165356534913882
2018-12-17,0.8850767991564704
2018-12-18,0.8851515724596885
2018-12-19,0.8861021483935009
2018-12-20,0.8753753614316581
2018-12-21,0.8749986079031712
2018-12-26,0.8960734556144242
2018-12-27,0.8931801615328406
2018-12-28,0.8958531636171155
2018-12-31,0.9020921820573445
2019-01-02,0.9017370086192688
2019-01-03,0.8640036796900704
2019-01-04,0.8493068434528094
2019-01-07,0.8552044081254837
2019-01-08,0.8671984061588002
2019-01-09,0.8688898479303653
2019-01-10,0.867839422828489
2019-01-11,0.8679867704258756
2019-01-14,0.8729462585547102
2019-01-15,0.8652970541922513
2019-01-16,0.8640651258473988
2019-01-17,0.8651595869398103
2019-01-18,0.8586202388951534
2019-01-22,0.8361231710143243
2019-01-23,0.8352253593719843
2019-01-24,0.8358354306223162
2019-01-25,0.8353946999376586
2019-01-28,0.8501246408843022
2019-01-29,0.8471720516543533
2019-01-30,0.8681943701640682
2019-01-31,0.8634622117014008
2019-02-01,0.8635561517617447
2019-02-04,0.8529012633135173
2019-02-05,0.8501598340634549
2019-02-06,0.8531324247806654
2019-02-07,0.840320629591075
2019-02-08,0.8403351047661929
2019-02-11,0.8396393268275116
2019-02-12,0.8436277424234944
2019-02-13,0.840363214836633
2019-02-14,0.8405550280322791
2019-02-15,0.8504457300225509
2019-02-19,0.8511367439912247
2019-02-20,0.8498605613959823
2019-02-21,0.8536062150486332
2019-02-22,0.8570369687257886
2019-02-25,0.8573629030302817
2019-02-26,0.8576960581641803
2019-02-27,0.8578467620006505
2019-02-28,0.8591524013930094
2019-03-01,0.8528610819168886
2019-03-06,0.87396367598557
2019-03-07,0.8790128187435258
2019-03-08,0.8797701589329885
2019-03-11,0.8819282672509059
2019-03-12,0.8832123308877219
2019-03-13,0.8744708180079063
2019-03-14,0.8738060145712682
2019-03-15,0.8801820306465289
2019-03-18,0.8755152432221316
2019-03-19,0.8755947390829645
2019-03-20,0.8801759522733171
2019-03-21,0.8568479384082444
2019-03-22,0.8553418826339108
2019-03-25,0.8557549727331779
2019-03-26,0.8465639432901156
2019-03-27,0.8490997684247399
2019-03-28,0.8467387807482456
2019-03-29,0.8623791182780081
2019-04-01,0.8546576847651578
2019-04-03,0.8508595384402619
2019-04-04,0.848248501524906
2019-04-05,0.8542367911139709
2019-04-08,0.8553026471531862
2019-04-09,0.8694445752797939
2019-04-10,0.8732744281382582
2019-04-11,0.8732138114765033
2019-04-12,0.861710064386926
2019-04-15,0.8623317838705902
2019-04-16,0.8624361213801304
2019-04-17,0.8626464437252942
2019-04-22,0.8607683199420902
2019-04-23,0.8618765951254462
2019-04-24,0.870109557081468
2019-04-25,0.8702282768023766
2019-04-26,0.8692803409342842
2019-04-29,0.8722623054052446
2019-04-30,0.8733821554363259
2019-05-02,0.873027872255342
2019-05-03,0.8749913489664475
2019-05-06,0.8769325624461602
2019-05-07,0.8770725392765228
2019-05-08,0.8785754178891583
2019-05-09,0.8773654140537895
2019-05-10,0.8822770487362497
2019-05-13,0.8400808751995897
2019-05-14,0.8295479814653671
2019-05-15,0.8270342419745188
2019-05-16,0.824867946101547
2019-05-17,0.8202908763257147
2019-05-20,0.8268972082530701
2019-05-21,0.8354913617626268
2019-05-22,0.8357258123558144
2019-05-23,0.8376281553927364
2019-05-24,0.837206242514724
2019-05-28,0.8330236034615833
2019-05-29,0.8295446693726315
2019-05-30,0.827320708538485
2019-05-31,0.822926177280644
2019-06-03,0.8218560276386879
2019-06-04,0.8160013502223346
2019-06-05,0.8095941381816426
2019-06-06,0.8182375617222212
2019-06-07,0.8179890379393786
2019-06-10,0.8246136025357546
2019-06-11,0.8237195029576346
2019-06-12,0.8176568713868515
2019-06-13,0.8111426554929683
2019-06-14,0.8138980033550983
2019-06-18,0.8202904970455411
2019-06-19,0.8186384315174215
2019-06-21,0.8109578367635926
2019-06-24,0.8105229032734481
2019-06-25,0.7829427944384213
2019-06-26,0.781587652747501
2019-06-27,0.784455147003345
2019-06-28,0.7904947832064559
2019-07-01,0.8048467790541678
2019-07-02,0.8061812392081534
2019-07-03,0.8202353337132589
2019-07-05,0.8210081218096099
2019-07-10,0.8207239492371597
2019-07-11,0.8226057024594231
2019-07-12,0.8167654622480758
2019-07-15,0.8165974745646956
2019-07-16,0.819240677146252
2019-07-17,0.824238879538126
2019-07-18,0.821243796971063
2019-07-19,0.8176723802113188
2019-07-22,0.8141792913617956
2019-07-23,0.8068039474901759
2019-07-24,0.8030519999983281
2019-07-25,0.8123453327735637
2019-07-26,0.8190475936051895
2019-07-29,0.818201920899502
2019-07-30,0.8202532731878909
2019-07-31,0.8085615011639066
2019-08-01,0.8205315507054473
2019-08-02,0.808681016524179
2019-08-05,0.8258995400861233
2019-08-06,0.8299104860812327
2019-08-07,0.8291111687114968
2019-08-08,0.8015215450180484
2019-08-09,0.7939217700640194
2019-08-12,0.9808437897349821
2019-08-13,1.0631693185368358
2019-08-14,1.078780435066975
2019-08-15,1.0986083659669454
2019-08-16,1.1160523317764006
2019-08-20,1.1177266151215375
2019-08-21,1.143759570186091
2019-08-22,1.1440917659511909
2019-08-23,1.096976416805897
2019-08-26,1.0976767068978597
2019-08-27,1.1071192499710296
2019-08-28,1.0933241543018346
2019-08-29,1.0786344829002266
2019-08-30,1.0779132563953846
2019-09-03,1.0672847983504152
2019-09-04,1.074351993362137
2019-09-05,1.0438246198606422
2019-09-06,1.0416061528789706
2019-09-09,1.0416892058691771
2019-09-10,1.0413276248358914
2019-09-11,1.0536579668489572
2019-09-12,1.0534954133041334
2019-09-13,1.053639275618082
2019-09-16,1.0433918938277629
2019-09-17,1.0424057320709212
2019-09-18,1.0424350698365281
2019-09-19,1.0424387685739347
2019-09-20,1.0447896851476135
2019-09-23,1.0449002524861875
2019-09-24,1.0321456233056938
2019-09-25,1.038991391138994
2019-09-26,1.038435788050335
2019-09-27,1.0352931787410637
2019-09-30,1.03247279654163
2019-10-01,1.0321860320479326
2019-10-02,1.0052067820374617
2019-10-03,1.0096520991326574
2019-10-04,0.9842718636745791
2019-10-07,0.9787656560773124
2019-10-08,0.9701934700340612
2019-10-09,0.967633461810732
2019-10-10,0.9831375784770645
2019-10-11,0.9705491933811936
2019-10-15,0.9660498860391303
2019-10-16,0.9704820055810778
2019-10-17,0.9669383016465986
2019-10-18,0.9668653763756604
2019-10-21,0.9536890643346746
2019-10-22,0.953629774438397
2019-10-23,0.9525252991274158
2019-10-24,0.9564993062965003
2019-10-25,0.9651032235179309
2019-10-28,0.9572331917578697
2019-10-29,0.9513927077041404
2019-10-30,0.9550048082291643
2019-10-31,0.9453571346299463
2019-11-01,0.9904247845602483
2019-11-04,0.9910425025129413
2019-11-05,0.9920407021337426
2019-11-06,0.9909166866012833
2019-11-07,0.98706779633119
2019-11-08,0.975883021900697
2019-11-11,0.9671931965751042
2019-11-12,0.9667265111691575
2019-11-13,0.9664684578176941
2019-11-14,0.9646383452920776
2019-11-15,0.974643746922502
2019-11-19,0.9745109908069222
2019-11-20,0.9612272687045212
2019-11-21,0.957878497994536
2019-11-22,0.9571020931999547
2019-11-25,0.9464093964984898
2019-11-26,0.9514445665769563
2019-11-27,0.9385897832358746
2019-11-29,0.9321793232869601
2019-12-02,0.9845999910368928
2019-12-03,0.9989537900714841
2019-12-04,0.9891851092999603
2019-12-05,0.9895426450182675
2019-12-06,0.996501567335735
2019-12-09,0.9946428593948102
2019-12-10,0.9926857034144994
2019-12-11,0.9946238776770702
2019-12-12,1.005616341302632
2019-12-13,1.0057115742569869
2019-12-16,0.9910319528297656
2019-12-17,0.9916408126583445
2019-12-18,0.9914617509035983
2019-12-19,0.9837340476152221
2019-12-20,0.9809032669073839
2019-12-23,0.9818355247480226
2019-12-26,0.9808376773853973
2019-12-27,0.980830491157397
2019-12-30,0.9832447779962552
2020-01-02,0.9660084397570534
2020-01-03,0.9924750277877137
2020-01-06,0.991836332191916
2020-01-07,0.9922636862021778
2020-01-08,0.9826272079753179
2020-01-09,0.9755743782933858
2020-01-10,0.9835782567257583
2020-01-13,0.9806130159915323
2020-01-14,0.9731819924339684
2020-01-15,0.9758231887414095
2020-01-16,1.0013675686495376
2020-01-17,0.9962137623896606
2020-01-21,0.9985368106729707
2020-01-22,0.9979063662532593
2020-01-23,0.9986711805556195
2020-01-24,0.9955431483647064
2020-01-27,0.9331222429115426
2020-01-28,0.9207210994355157
2020-01-29,0.9231861759777339
2020-01-30,0.9223284580925045
2020-01-31,0.921689667946717
2020-02-03,0.9247026466036647
2020-02-04,0.8874795465999528
2020-02-05,0.8792195629471509
2020-02-06,0.8803527388254525
2020-02-07,0.879484048003921
2020-02-10,0.8623435323762347
2020-02-11,0.8588334317118255
2020-02-12,0.8658708673232823
2020-02-13,0.8725820883639831
2020-02-14,0.8769623561673591
2020-02-18,0.8717562689592205
2020-02-19,0.8739252204282967
2020-02-20,0.8765321590410997
2020-02-21,0.8623262427423163
2020-02-26,0.8634657793891478
2020-02-27,0.9444060105783958
2020-02-28,0.9284244645092249
2020-03-02,0.901681036621066
2020-03-03,0.9160588591050954
2020-03-04,0.9234554300791986
2020-03-05,0.9591956067686519
2020-03-06,0.9631203641315575
2020-03-09,1.0639464630340438
2020-03-10,1.05739093811176
2020-03-11,1.1483121342022613
2020-03-12,1.200801315437219
2020-03-13,1.174272775358213
2020-03-16,1.2311677917924004
2020-03-17,1.198902846822305
2020-03-18,1.3161469643534074
2020-03-19,1.323311728827575
2020-03-20,1.2164277156642935
2020-03-25,1.2212160594318515
2020-03-26,1.2239224319117092
2020-03-27,1.252135129106202
2020-03-30,1.2534345946124772
2020-04-01,1.1918649110301198
2020-04-02,1.1909254721039855
2020-04-03,1.1801112956300133
2020-04-06,1.1449454863717363
2020-04-07,1.1440626196611423
2020-04-08,1.126734236367502
2020-04-13,1.1246465831890546
2020-04-14,1.1099707113297508
2020-04-15,1.1063592125002553
2020-04-16,1.1042415037053295
2020-04-17,1.1186958836965033
2020-04-20,1.1142457448477254
2020-04-21,1.1136418710901133
2020-04-22,1.1113505103708303
2020-04-23,1.1113902839103753
2020-04-24,1.1058618529990476
2020-04-27,1.1001742662193028
2020-04-28,1.0966421133380548
2020-04-29,1.1131701264685296
2020-04-30,1.1100276805662614
2020-05-04,1.1099205622425528
2020-05-05,1.1088624420267919
2020-05-06,1.1061794904497908
2020-05-07,1.1025555103509106
2020-05-08,1.0947877709510694
2020-05-11,1.0948172955474544
2020-05-12,1.095924834768274
2020-05-13,1.1091657681479061
2020-05-14,1.116939542855721
2020-05-15,1.1178900758770385
2020-05-18,1.1092702245821469
2020-05-19,1.1080486226633632
2020-05-20,1.0971500784527446
2020-05-21,1.0914995572757435
2020-05-22,1.0923796340122705
2020-05-26,1.091319153721871
2020-05-27,1.0994221676401221
2020-05-28,1.0992038880805375
2020-05-29,1.0990586790104058
2020-06-01,1.1017509101797158
2020-06-02,1.1082240737146032
2020-06-03,1.1080093864747689
2020-06-04,1.1065533917263788
2020-06-05,1.107812952078972
2020-06-08,1.1163385431521338
2020-06-09,1.1179467749450531
2020-06-10,1.1171772548442858
2020-06-11,1.0946505767004462
2020-06-12,1.1026948347846945
2020-06-16,1.0969060360450624
2020-06-17,1.0978410179368074
2020-06-18,1.0973574736085694
2020-06-19,1.0925553753135915
2020-06-22,1.0931503656049397
2020-06-23,1.0950372545251683
2020-06-24,1.0853336786061378
2020-06-25,1.0872486074109253
2020-06-26,1.0870221428477518
2020-06-29,1.0835444116767037
2020-06-30,1.0587371285776377
2020-07-01,1.0600306173549021
2020-07-02,1.0563346417833013
2020-07-06,1.064663999017694
2020-07-07,1.0692532601332285
2020-07-08,1.0675782776549283
2020-07-13,1.0689060305029332
2020-07-14,1.0613594920177871
2020-07-15,1.063711837007838
2020-07-16,1.0646201984279795
2020-07-17,1.0647477793846756
2020-07-20,1.0651281529477161
2020-07-21,1.0660005694297512
2020-07-22,1.074732843061462
2020-07-23,1.075541446054396
2020-07-24,1.0749839092972644
2020-07-27,1.0752368280659355
2020-07-28,1.0771552460684624
2020-07-29,1.0836458698138913
2020-07-30,1.0829913614661602
2020-07-31,1.0801701348731465
2020-08-03,1.0838880014531056
2020-08-04,1.0859233896386382
2020-08-05,1.0819868041129
2020-08-06,1.0796889616689147
2020-08-07,1.079723425771756
2020-08-10,1.080376819651789
2020-08-11,1.0732634221071164
2020-08-12,1.0606169291902303
2020-08-13,1.0594622257460464
2020-08-14,1.0595876161683786
2020-08-18,1.0517763241569185
2020-08-19,1.0509770704171324
2020-08-20,1.0528090213652979
2020-08-21,1.0514028118475023
2020-08-24,1.053423237176272
2020-08-25,1.0566965367591412
2020-08-26,1.051558406258066
2020-08-27,1.051321472339253
2020-08-28,1.0492695459008503
2020-08-31,1.0491528040419327
2020-09-01,1.052177320954416
2020-09-02,1.0420634344632096
2020-09-03,1.001648975727009
2020-09-04,0.9992315750776467
2020-09-08,0.9707678026533
2020-09-09,0.9620469643733126
2020-09-10,0.9582842249586785
2020-09-11,0.9579127875297274
2020-09-14,0.9528516116818937
2020-09-15,0.9547105786416642
2020-09-16,0.9560482595368063
2020-09-17,0.9807133113948552
2020-09-18,0.9864294975862448
2020-09-21,0.9979938435143411
2020-09-22,0.9954853980521042
2020-09-23,0.9813668656074117
2020-09-24,0.9849784226780068
2020-09-25,0.9808192517588726
2020-09-28,0.9791197601897935
2020-09-29,0.9777081123309455
2020-09-30,0.9677030535360845
2020-10-01,0.9700255232885961
2020-10-02,0.9634089380417465
2020-10-05,0.9606357410006642
2020-10-06,0.9409906945053698
2020-10-07,0.9447096154449696
2020-10-08,0.9380083387020178
2020-10-09,0.9335704934041058
2020-10-13,0.9123557462122576
2020-10-14,0.9104707268150495
2020-10-15,0.910383765104133
2020-10-16,0.9103153061082521
2020-10-19,0.922836447726998
2020-10-20,0.9189583992550633
2020-10-21,0.9192009380698402
2020-10-22,0.9151643225779945
2020-10-23,0.9174510709718163
2020-10-26,0.8877757475831547
2020-10-27,0.8901976755290344
2020-10-28,0.8730162620358953
2020-10-29,0.8837376727631612
2020-10-30,0.8498496793882542
2020-11-02,0.8438096003378018
2020-11-03,0.8241374750462167
2020-11-04,0.8134140704101444
2020-11-05,0.8081679973183308
2020-11-06,0.8080558580680072
2020-11-09,0.8084997644033894
2020-11-10,0.8081960961653949
2020-11-11,0.802734381197884
2020-11-12,0.800540113868307
2020-11-13,0.807347622518678
2020-11-16,0.8030136356089173
2020-11-17,0.802437329110961
2020-11-18,0.8102423062267111
2020-11-19,0.8078042757370325
2020-11-20,0.810652991474353
2020-11-24,0.828171667241431
2020-11-25,0.826468885491208
2020-11-27,0.8297358423497586
2020-11-30,0.8329151167095595
2020-12-01,0.8367129300576764
2020-12-02,0.8380679039711326
2020-12-03,0.8386475550327024
2020-12-04,0.8456939113586501
2020-12-09,0.8556549275499269
2020-12-10,0.853661204065115
2020-12-11,0.8554053244273041
2020-12-14,0.8597741735422975
2020-12-15,0.8628078514427242
2020-12-16,0.8643526199171664
2020-12-17,0.8643684450844825
2020-12-18,0.8619137553032904
2020-12-21,0.8694771249204568
2020-12-22,0.8677908567602552
2020-12-23,0.8672719608489529
2020-12-28,0.8510087563907578
2020-12-29,0.8483538400268344
2020-12-30,0.8479159144602534
2021-01-04,0.8534585066280529
2021-01-05,0.8617659352984577
2021-01-06,0.8712174339331437
2021-01-07,0.8649428202098479
2021-01-08,0.8647516465201507
2021-01-11,0.8651266489867678
2021-01-12,0.8651222392556007
2021-01-13,0.8644649161970881
2021-01-14,0.8645788168668155
2021-01-15,0.867355265475548
2021-01-19,0.8723561300341345
2021-01-20,0.8711075937120042
2021-01-21,0.8709060232319766
2021-01-22,0.875717572099455
2021-01-25,0.8722152305081
2021-01-26,0.8707967422664167
2021-01-27,0.8630345472498155
2021-01-28,0.8515025679530646
2021-01-29,0.862938354931838
2021-02-01,0.8754307337943235
2021-02-02,0.8695428333288788
2021-02-03,0.8691634554516549
2021-02-04,0.8579861028363378
2021-02-05,0.8609377187972621
2021-02-08,0.8593066798396155
2021-02-09,0.8589847073325437
2021-02-10,0.8590421211585667
2021-02-11,0.8600086486726535
2021-02-12,0.8613393125967952
2021-02-17,0.8611800881954768
2021-02-18,0.8639043650273127
2021-02-19,0.864064948124908
2021-02-22,0.8764711243745923
2021-02-23,0.8765807155563674
2021-02-24,0.8818249896139558
2021-02-25,0.8838308413949334
2021-02-26,0.8829771593980902
2021-03-01,0.8732711442302916
2021-03-02,0.8787848967111862
2021-03-03,0.8979816404484188
2021-03-04,0.8817896538517361
2021-03-05,0.8446307268247001
2021-03-08,0.8529900131198367
2021-03-09,0.8321038732650343
2021-03-10,0.838669100702855
2021-03-11,0.8528954230961755
2021-03-12,0.8537655710774545
2021-03-15,0.8639915098582535
2021-03-16,0.8639924386695033
2021-03-17,0.8640789271302898
2021-03-18,0.8764264409185396
2021-03-19,0.8765857482416736
2021-03-22,0.8828132100732533
2021-03-23,0.8784367785713374
2021-03-25,0.8788443079397341
2021-03-26,0.8938715099213136
2021-03-29,0.8921353482897536
2021-03-30,0.8888266528372767
2021-03-31,0.8873127924153074
2021-04-05,0.8631839651272448
2021-04-06,0.8625291190157747
2021-04-07,0.8615134618563229
2021-04-08,0.8621260093683523
2021-04-09,0.8571083565487294
2021-04-12,0.8572595899815312
2021-04-13,0.8563039794840729
2021-04-14,0.8562182575492809
2021-04-15,0.8331276817478742
2021-04-16,0.8330782243189595
2021-04-19,0.834274436607499
2021-04-20,0.8401102691126586
2021-04-21,0.8399995782106905
2021-04-22,0.8399887181419022
2021-04-23,0.8453811771616404
2021-04-26,0.8446565192788289
2021-04-27,0.844619496252944
2021-04-28,0.8439059442166558
2021-04-29,0.8444209901200697
2021-04-30,0.8465952790773561
2021-05-03,0.8439685464656951
2021-05-04,0.8442510006537312
2021-05-05,0.8441675730982802
2021-05-06,0.8468425075702253
2021-05-07,0.8549032962541497
2021-05-10,0.8584687127806182
2021-05-11,0.8578154165101107
2021-05-12,0.8536459838490628
2021-05-13,0.8536914180114982
2021-05-14,0.8711844874790177
2021-05-17,0.8707955585142637
2021-05-18,0.870739092728972
2021-05-19,0.8704346014574087
2021-05-20,0.87248520537725
2021-05-21,0.8736201285650328
2021-05-26,0.8664274649032726
2021-05-27,0.8688623086790108
2021-05-28,0.8697765629168159
2021-06-01,0.870056600597382
2021-06-02,0.8710332031121886
2021-06-03,0.8671909079182221
2021-06-04,0.8817237282991236
2021-06-07,0.8819696279763203
2021-06-08,0.8818753576851802
2021-06-09,0.8797470463387882
2021-06-10,0.8814826714920104
2021-06-11,0.881870688096534
2021-06-14,0.8835303608794102
2021-06-15,0.883665335298558
2021-06-16,0.8813081982147277
2021-06-17,0.8817567197977502
2021-06-18,0.8889236941717128
2021-06-22,0.8681346351946072
2021-06-23,0.8669219636197667
2021-06-24,0.8704563285349048
2021-06-25,0.8694947253091845
2021-06-28,0.8688594489920272
2021-06-29,0.8690842579020719
2021-06-30,0.866634178269073
2021-07-01,0.8649394496543297
2021-07-02,0.8635332528222464
2021-07-06,0.8642830698360611
2021-07-07,0.8620521292000327
2021-07-08,0.8638154663874452
2021-07-12,0.869107179147344
2021-07-13,0.8692875849062561
2021-07-14,0.8689682202512053
2021-07-15,0.8703270443968648
2021-07-16,0.8703542581333634
2021-07-19,0.889660356007512
2021-07-20,0.8963771645929872
2021-07-21,0.906806974631675
2021-07-22,0.90577404187144
2021-07-23,0.9019430098662269
2021-07-26,0.9007223862114877
2021-07-27,0.901085754806589
2021-07-28,0.9009738434300129
2021-07-29,0.9010963564723754
2021-07-30,0.9001266471937002
2021-08-02,0.8984526634432386
2021-08-03,0.8957528450701192
2021-08-04,0.8979476164539599
2021-08-05,0.9025190783927558
2021-08-06,0.9036154178979108
2021-08-09,0.9030154810421054
2021-08-10,0.9033261692519089
2021-08-11,0.9046214179273554
2021-08-12,0.9054976710307848
2021-08-13,0.9040626587392039
2021-08-17,0.9101435032802621
2021-08-18,0.9078475803596788
2021-08-19,0.9075704252496559
2021-08-20,0.9046447629661161
2021-08-23,0.9097485962895536
2021-08-24,0.9115996243040266
2021-08-25,0.9103816063172664
2021-08-26,0.9165741610187423
2021-08-27,0.919337929560863
2021-08-30,0.9294329049547435
2021-08-31,0.9281200221120227
2021-09-01,0.9280641357615058
2021-09-02,0.928161737089061
2021-09-03,0.9282763663632689
2021-09-07,0.9225637011020921
2021-09-08,0.923438254246599
2021-09-09,0.9289977803959464
2021-09-10,0.9348069382179277
2021-09-13,0.9375322426178053
2021-09-14,0.9335518497319664
2021-09-15,0.9272225505437127
2021-09-16,0.9284870578007807
2021-09-17,0.9272460099449319
2021-09-20,0.9830527376482439
2021-09-21,0.9825012056500892
2021-09-22,0.9512760372013052
2021-09-23,0.9633576202140318
2021-09-24,0.9629795138599192
2021-09-27,0.9644554865798162
2021-09-28,0.9454901589685054
2021-09-29,0.946559105533809
2021-09-30,0.9305905048904468
2021-10-01,0.9196205940736419
2021-10-04,0.9212296612950049
2021-10-05,0.9300409021230187
2021-10-06,0.9236401966531494
2021-10-07,0.920655584485794
2021-10-12,0.9071960631105582
2021-10-13,0.9067998697483374
2021-10-14,0.9350501269439481
2021-10-15,0.9334322997903295
2021-10-18,0.9305100520244899
2021-10-19,0.932521490331367
2021-10-20,0.9412067298921789
2021-10-21,0.9397981098305288
2021-10-22,0.9398575434255566
2021-10-25,0.9521169887516092
2021-10-26,0.9529393071523778
2021-10-27,0.9585975235022451
2021-10-28,0.9644310032817058
2021-10-29,0.9617171107502969
2021-11-01,0.9647358536699588
2021-11-02,0.9695345484845758
2021-11-03,0.987723848152966
2021-11-04,0.9913877635499271
2021-11-05,1.0017494271507719
2021-11-08,1.0034229362597122
2021-11-09,1.0045265321715586
2021-11-10,0.9974770955097078
2021-11-11,0.9978860961637659
2021-11-12,0.9984042977503594
2021-11-15,0.9983889038965639
2021-11-16,0.9909073893409912
2021-11-17,0.9971500994270991
2021-11-18,0.994294936955245
2021-11-19,0.9989684559845118
2021-11-23,1.0005559705699982
2021-11-24,1.0020030105964817
2021-11-26,0.9345690738199148
2021-11-29,0.9381285298813382
2021-11-30,0.9665664127126846
2021-12-01,0.9488151575299456
2021-12-02,0.9857927395624335
2021-12-03,0.98386209885917
2021-12-06,0.9979507344452366
2021-12-07,0.9775434248014039
2021-12-09,0.9703200161006642
2021-12-10,0.9745125685109223
2021-12-13,0.9757883686185237
2021-12-14,0.9748843708045496
2021-12-15,0.9444922013159132
2021-12-16,0.9419070581762535
2021-12-17,0.9511887307001012
2021-12-20,0.9559340550263594
2021-12-21,0.9385232022542752
2021-12-22,0.9268965821047341
2021-12-23,0.9359284159067749
2021-12-27,0.9497032675254613
2021-12-28,0.9529616553934175
2021-12-29,0.9563940291496743
2021-12-30,0.9543709155433717
2022-01-03,0.9494562433271643
2022-01-04,0.9495369719414706
2022-01-05,0.9714969623706418
2022-01-06,0.9723251045340543
2022-01-07,0.970620990543667
2022-01-10,0.9716062205443223
2022-01-11,0.9756218189398391
2022-01-12,0.9750073984317114
2022-01-13,0.9509457087374725
2022-01-14,0.9510230325287821
2022-01-18,0.96342074920306
2022-01-19,0.9595883735920351
2022-01-20,0.9609771149897874
2022-01-21,0.9796544501207731
2022-01-24,0.9750864926188983
2022-01-25,0.9824125618333192
2022-01-26,0.9805590946096201
2022-01-27,0.9799563818088933
2022-01-28,1.026838411070617
2022-01-31,1.0204619190237432
2022-02-01,1.0225196283614708
2022-02-02,1.0244965159150632
2022-02-03,1.007779219998396
2022-02-04,1.0097190097016113
2022-02-07,1.0060455240802444
2022-02-08,1.0104862131399415
2022-02-09,1.0091061866313655
2022-02-10,0.9949639245554253
2022-02-11,0.9790287644214857
2022-02-14,0.9754940539859481
2022-02-15,0.9618486011081172
2022-02-16,0.9634029175566701
2022-02-17,0.9622227931252653
2022-02-18,0.9618446919279287
2022-02-22,0.9443149156886195
2022-02-23,0.9421291648447769
2022-02-24,0.9213897124546181
2022-02-25,0.8941878753598623
2022-03-02,0.8939477807555223
2022-03-03,0.8841824984594712
2022-03-04,0.8702815134554405
2022-03-07,0.8225548752374435
2022-03-08,0.8190200826279451
2022-03-09,0.8042067013326312
2022-03-10,0.802818595846657
2022-03-11,0.8054659897876176
2022-03-14,0.8046716483561118
2022-03-15,0.767659350145421
2022-03-16,0.7626589612957624
2022-03-17,0.7775931800808619
2022-03-18,0.7712853345788844
2022-03-21,0.7710415760860926
2022-03-22,0.7441876416764199
2022-03-23,0.7506701653622545
2022-03-25,0.7675124105464566
2022-03-28,0.7736640948434097
2022-03-29,0.7708778998563272
2022-03-30,0.7701189636292429
2022-03-31,0.7607293581332206
2022-04-01,0.7643316367451511
2022-04-04,0.763692875892378
2022-04-05,0.7604068527591542
2022-04-06,0.7626620994301142
2022-04-07,0.7596888246472198
2022-04-08,0.7605888770613346
2022-04-11,0.7707363413950088
2022-04-12,0.7709043896425102
2022-04-13,0.7766638997032358
2022-04-18,0.769292625979592
2022-04-19,0.7520129396213102
2022-04-20,0.752305169180917
2022-04-21,0.77207539822097
2022-04-22,0.7661537429022984
2022-04-25,0.7643087634338148
2022-04-26,0.7827597630719684
2022-04-27,0.784630863213628
2022-04-28,0.7735731368524179
2022-04-29,0.7667206341789584
2022-05-02,0.7630982900270794
2022-05-03,0.7688527643628216
2022-05-04,0.7591206370998216
2022-05-05,0.77704911288879
2022-05-06,0.7784240122493798
2022-05-09,0.8213252516636794
2022-05-10,0.8282962216245612
2022-05-11,0.8081120806552587
2022-05-12,0.8107239426792072
2022-05-13,0.7459650225701406
2022-05-16,0.7485187362064715
2022-05-17,0.7661766385613791
2022-05-19,0.68928993960172
2022-05-20,0.6893213634147985
2022-05-23,0.7038446383738589
2022-05-24,0.7024987833368438
2022-05-26,0.6916766821539714
2022-05-27,0.6857969987056932
2022-05-31,0.689919928453766
2022-06-01,0.6838416786287371
2022-06-02,0.6782518343467765
2022-06-03,0.6739604002180511
2022-06-06,0.6716086396946884
2022-06-07,0.6699048793137002
2022-06-08,0.6603170342371051
2022-06-09,0.6896883173224815
2022-06-10,0.7049947661086919
2022-06-13,0.7545170202858928
2022-06-14,0.757731906268438
2022-06-15,0.7583021561572392
2022-06-16,0.7482328011207658
2022-06-21,0.7388444204887348
2022-06-22,0.7398647143894415
2022-06-23,0.7302222064579327
2022-06-24,0.6885049500279695
2022-06-27,0.6912029044369883
2022-06-28,0.6607763059511098
2022-06-29,0.6605557112041371
2022-06-30,0.6592758289265107
2022-07-01,0.6604235745729821
2022-07-05,0.6590621045816181
2022-07-06,0.6592198476564625
2022-07-07,0.6679177628055294
2022-07-08,0.6668432331561263
2022-07-11,0.6609501211819933
2022-07-12,0.6452452650051296
2022-07-13,0.6436514904192414
2022-07-14,0.647445931360836
2022-07-15,0.6582918485379463
2022-07-18,0.6521170008278009
2022-07-19,0.6632112891555119
2022-07-20,0.6648209688097894
2022-07-21,0.6617135840123649
2022-07-22,0.6383525060319583
2022-07-25,0.6392849196449086
2022-07-26,0.6477985911988218
2022-07-27,0.6721527090840905
2022-07-28,0.6934339432570855
2022-07-29,0.7109385003712776
2022-08-01,0.7095706814824728
2022-08-02,0.7144961161099452
2022-08-03,0.7084435146303327
2022-08-04,0.7090635710079009
2022-08-05,0.707672605401063
2022-08-08,0.7061329498034109
2022-08-09,0.7067776611652009
2022-08-10,0.7034398963234353
2022-08-11,0.7033515650165699
2022-08-12,0.6904957329926762
2022-08-16,0.6908918042668798
2022-08-17,0.6973216305798867
2022-08-18,0.6983226171919351
2022-08-19,0.7088604058086256
2022-08-22,0.7038668284239435
2022-08-23,0.701568752571654
2022-08-24,0.7023423196705374
2022-08-25,0.7036230679253377
2022-08-26,0.6620391813157394
2022-08-29,0.6557779668642536
2022-08-30,0.6488306133797519
2022-08-31,0.662180357522943
2022-09-01,0.6653187985766721
2022-09-06,0.6591731484128504
2022-09-07,0.6380476341046372
2022-09-08,0.6334855506162368
2022-09-09,0.6439999233809993
2022-09-12,0.6457111512497682
2022-09-13,0.630745377133243
2022-09-14,0.6282761254368047
2022-09-15,0.645005024089495
2022-09-16,0.6466642481894239
2022-09-19,0.6465133679217864
2022-09-20,0.6493278194775809
2022-09-21,0.6549249701163228
2022-09-22,0.6555851466797094
2022-09-23,0.6444861266515992
2022-09-26,0.6447602074070958
2022-09-27,0.6450773509325112
2022-09-28,0.634708914956407
2022-09-29,0.6233665739437004
2022-09-30,0.6201349576521525
2022-10-03,0.6309812801620456
2022-10-04,0.6080288451426978
2022-10-05,0.6102828913347745
2022-10-06,0.6049480549359812
2022-10-11,0.6346608885404716
2022-10-12,0.6342552179737329
2022-10-13,0.6137129861069976
2022-10-14,0.6113050473143579
2022-10-17,0.608952499386304
2022-10-18,0.6028489208699044
2022-10-19,0.60573444052519
2022-10-20,0.6055809509579315
2022-10-21,0.6027967105236754
2022-10-24,0.6082033708179699
2022-10-25,0.6117555536188546
2022-10-26,0.6035376442828698
2022-10-27,0.5961269380585096
2022-10-28,0.591983575999286
2022-10-31,0.5824244784221321
2022-11-01,0.5810421670470264
2022-11-02,0.5746986352145078
2022-11-03,0.5810509361019061
2022-11-04,0.5792958774121648
2022-11-07,0.5735722745856374
2022-11-08,0.5720434303032008
2022-11-09,0.5462390759411059
2022-11-10,0.5367187863701095
2022-11-11,0.5417656859508484
2022-11-14,0.5346544563630176
2022-11-15,0.5295543599844825
2022-11-16,0.5333915388386802
2022-11-17,0.5340402574452081
2022-11-18,0.5357510048025257
2022-11-22,0.5322556738325772
2022-11-23,0.5299101903127234
2022-11-25,0.5297156986982328
2022-11-28,0.5046040609004101
2022-11-29,0.5030813988882851
2022-11-30,0.502498532917969
2022-12-01,0.5023794566502658
2022-12-02,0.5033667921596756
2022-12-05,0.5030925269772906
2022-12-06,0.5046559646132402
2022-12-07,0.5022316426936787
2022-12-12,0.5144129488264354
2022-12-13,0.5137845476122558
2022-12-14,0.5132701718742897
2022-12-15,0.5242290172743327
2022-12-16,0.5221703359804735
2022-12-19,0.5225333508819975
2022-12-20,0.5245240914422143
2022-12-21,0.5038560364903742
2022-12-22,0.4958705829692911
2022-12-23,0.49759588540194577
2022-12-27,0.49612645813480655
2022-12-28,0.49647413032827203
2022-12-29,0.4811296656480532
2022-12-30,0.4815405879337449
2023-01-03,0.4798774642839701
2023-01-04,0.48334274552630785
2023-01-05,0.4744533982631258
2023-01-06,0.4899245615630438
2023-01-09,0.4891146220981343
2023-01-10,0.49368652631208326
2023-01-11,0.4864872687149484
2023-01-12,0.4855811403564701
2023-01-13,0.4915095007817404
2023-01-17,0.49208530154462793
2023-01-18,0.5175270470994607
2023-01-19,0.5211217761275674
2023-01-20,0.5154407194767296
2023-01-23,0.5154829313026144
2023-01-24,0.5152447636791716
2023-01-25,0.515251828761286
2023-01-26,0.5101256490646909
2023-01-27,0.5091996449296547
2023-01-30,0.5116646734353816
2023-01-31,0.5152576328762478
2023-02-01,0.5161227196248744
2023-02-02,0.5092176808397428
2023-02-03,0.509383345293963
2023-02-06,0.5069062519060872
2023-02-07,0.4993564170231478
2023-02-08,0.4924630011044027
2023-02-09,0.4936639584881581
2023-02-10,0.4922537861749323
2023-02-13,0.4925736116064534
2023-02-14,0.4926478297100707
2023-02-15,0.49387707998236285
2023-02-16,0.4916595146807106
2023-02-17,0.4953294999203887
2023-02-22,0.4922703286067434
2023-02-23,0.4913018254100531
2023-02-24,0.48695872682351643
2023-02-27,0.486863814765032
2023-02-28,0.48720361794445205
2023-03-01,0.4906535830208984
2023-03-02,0.48194457820000264
2023-03-03,0.4986717317841279
2023-03-06,0.498955240567626
2023-03-07,0.5175580165971563
2023-03-08,0.516553287061266
2023-03-09,0.5026110200899937
2023-03-10,0.5184056147092699
2023-03-13,0.5210111149878505
2023-03-14,0.5094199934863349
2023-03-15,0.5303643153509353
2023-03-16,0.5721570640307825
2023-03-17,0.548037824689563
2023-03-20,0.5614796049106417
2023-03-21,0.5711428531217776
2023-03-22,0.5584985363538558
2023-03-23,0.5600988433922532
2023-03-27,0.5606288495587074
2023-03-28,0.5588755933027537
2023-03-29,0.5733645772433564
2023-03-30,0.5709610887815076
2023-03-31,0.545401111001256
2023-04-03,0.5486209579001007
2023-04-04,0.5427740826646916
2023-04-05,0.5389059774632952
2023-04-10,0.5386940344297148
2023-04-11,0.5386777525705018
2023-04-12,0.5396493146346523
2023-04-13,0.5386420953130233
2023-04-14,0.5380345947087456
2023-04-17,0.5389503234149934
2023-04-18,0.5383922981748158
2023-04-19,0.538412795431588
2023-04-20,0.5375881645793509
2023-04-21,0.5389928602306847
2023-04-24,0.5407465946140769
2023-04-25,0.5132191869068424
2023-04-26,0.509635897696705
2023-04-27,0.4884211107871423
2023-04-28,0.49663399771120503
2023-05-02,0.4994691108101899
2023-05-03,0.5100309137175149
2023-05-04,0.5306431774507135
2023-05-05,0.5520399044523444
2023-05-08,0.5526078778111352
2023-05-09,0.5386912600790041
2023-05-10,0.5401217314543831
2023-05-11,0.5415286237863052
2023-05-12,0.542232339011477
2023-05-15,0.5433359098162878
2023-05-16,0.5427469977422871
2023-05-17,0.5615121657039452
2023-05-18,0.5561439593064577
2023-05-19,0.553763075032931
2023-05-22,0.5540387415853922
2023-05-23,0.56335672540941
2023-05-24,0.5591463016715666
2023-05-30,0.5597950685581532
2023-05-31,0.5644074878773998
2023-06-01,0.5701763033761691
2023-06-02,0.5478344033386036
2023-06-05,0.547920523401385
2023-06-06,0.5483956044590489
2023-06-07,0.551707470773758
2023-06-08,0.5528634378785052
2023-06-09,0.5533621290989564
2023-06-12,0.5452886073303622
2023-06-13,0.5417062620076126
2023-06-14,0.5409792770400317
2023-06-15,0.5264225869511823
2023-06-16,0.5279578545522805
2023-06-21,0.5094199941195503
2023-06-22,0.5124983552992761
2023-06-23,0.5189521462476191
2023-06-26,0.5126033820859396
2023-06-27,0.4851676961844094
2023-06-28,0.48543320936788875
2023-06-29,0.4886550569372261
2023-06-30,0.48990340982454517
2023-07-03,0.48984614266825344
2023-07-05,0.4893862412839575
2023-07-06,0.4930160212488231
2023-07-07,0.48939534596622336
2023-07-10,0.490818847461669
2023-07-11,0.4949121013635399
2023-07-12,0.4983283386363258
2023-07-13,0.5081711990973597
2023-07-14,0.5095548386562511
2023-07-17,0.5145892015826805
2023-07-18,0.5270689973711631
2023-07-19,0.5284530896871689
2023-07-20,0.5200093191127441
2023-07-21,0.5202101382464449
2023-07-24,0.5163549385341479
2023-07-25,0.5159158730329964
2023-07-26,0.5159946084880903
2023-07-27,0.5130292331382126
2023-07-28,0.5160974472887723
2023-07-31,0.5154088391517353
2023-08-01,0.5196338788214206
2023-08-02,0.5230350748637428
2023-08-03,0.5285798525463393
2023-08-04,0.5309070824621392
2023-08-07,0.5209611987231417
2023-08-08,0.5151568998578496
2023-08-09,0.5129773243806893
2023-08-10,0.5127791814272955
2023-08-11,0.5120332814911737
2023-08-14,0.5174959920696455
2023-08-15,0.49859154479245366
2023-08-16,0.5057222117299727
2023-08-17,0.47636255921840287
2023-08-18,0.4764739580281622
2023-08-22,0.47975630937616387
2023-08-23,0.5032254982023481
2023-08-24,0.5138760441087391
2023-08-25,0.5085317044694092
2023-08-28,0.5041214437237135
2023-08-29,0.4811195828090441
2023-08-30,0.4789381381238289
2023-08-31,0.47990591962272106
2023-09-01,0.4790087527378832
2023-09-05,0.4851454411837144
2023-09-06,0.4808131578144569
2023-09-07,0.47800540856466023
2023-09-08,0.47850905144657613
2023-09-11,0.46597147266108424
2023-09-12,0.4724493115961157
2023-09-13,0.47611312521209
2023-09-14,0.4972851650596076
2023-09-15,0.47029004858883067
2023-09-18,0.47129963025898863
2023-09-19,0.4744564878204382
2023-09-20,0.47772123035143177
2023-09-21,0.5125284904929812
2023-09-22,0.513038113827372
2023-09-25,0.5114630798525173
2023-09-26,0.502978363812102
2023-09-27,0.5028381327142034
2023-09-28,0.5085097932662068
2023-09-29,0.5098620618611265
2023-10-02,0.5098836927207347
2023-10-03,0.5203334111165776
2023-10-04,0.5247687899351473
2023-10-05,0.5202629513498207
2023-10-06,0.5885837609188189
2023-10-09,0.609563293327666
2023-10-10,0.6080716063454155
2023-10-11,0.6336783047756516
2023-10-12,0.6198560296688919
2023-10-17,0.6362020801453537
2023-10-18,0.6521517474437472
2023-10-19,0.6967279757021269
2023-10-20,0.7023681047553834
2023-10-23,0.715162357792091
2023-10-24,0.7483571744290899
2023-10-25,0.7036814373519178
2023-10-26,0.6640065732430022
2023-10-27,0.6518330183184793
2023-10-30,0.5763118594095891
2023-10-31,0.5403367872305186
2023-11-01,0.5300126964180525
2023-11-02,0.621907778437453
2023-11-03,0.6323445183934531
2023-11-07,0.6205008726338264
2023-11-08,0.6181811355307153
2023-11-09,0.5674561492663242
2023-11-10,0.5875583659357817
2023-11-13,0.5883690272604022
2023-11-14,0.5726128463404685
2023-11-15,0.5699374355089689
2023-11-16,0.5679798790848183
2023-11-17,0.5689268979898165
2023-11-21,0.5956405748940361
2023-11-22,0.5925169370870977
2023-11-24,0.5908930545311788
2023-11-27,0.5983940625282373
2023-11-28,0.5993047499008154
2023-11-29,0.5961039518477036
2023-11-30,0.6032464096762146
2023-12-01,0.6070978174773171
2023-12-04,0.5998566038440624
2023-12-05,0.6021899592351255
2023-12-06,0.5976412183887582
2023-12-07,0.6182615556841206
2023-12-11,0.6120664250860594
2023-12-12,0.6053236189559394
2023-12-13,0.562619558282372
2023-12-14,0.5591216875030862
2023-12-15,0.5594024794291645
2023-12-18,0.5741868473832483
2023-12-19,0.5880576188237281
2023-12-20,0.6081443398550354
2023-12-21,0.5964927663037833
2023-12-22,0.5961698211367681
2023-12-26,0.5901786728304212
2023-12-27,0.5887070250178057
2023-12-28,0.5882509082318493
2023-12-29,0.581782780162592
2024-01-02,0.592671907269692
2024-01-03,0.5963989321413052
2024-01-04,0.5919111190007929
2024-01-05,0.594677346585166
2024-01-08,0.5554735101530368
2024-01-09,0.558289710117858
2024-01-10,0.5640464892692867
2024-01-11,0.5648503110078467
2024-01-12,0.5632526820317784
2024-01-16,0.5619388890562327
2024-01-17,0.5636236946460638
2024-01-18,0.5520594083090108
2024-01-19,0.5193698043809866
2024-01-22,0.5185012970179198
2024-01-23,0.5256765895653065
2024-01-24,0.5268053837243465
2024-01-25,0.5334418555075018
2024-01-26,0.5335339525900182
2024-01-29,0.5186725605397478
2024-01-30,0.5194099302151715
2024-01-31,0.4980871011173738
2024-02-01,0.5112249232623353
2024-02-02,0.5057894006954325
2024-02-05,0.5103655969836873
2024-02-06,0.5124580774498008
2024-02-07,0.5005848553879988
2024-02-08,0.4993947208471279
2024-02-09,0.5159890318131266
2024-02-14,0.52179841757727
2024-02-15,0.5147586781448588
2024-02-16,0.507690168206678
2024-02-20,0.5096341620503746
2024-02-21,0.5059578639566416
2024-02-22,0.4676251152325026
2024-02-23,0.4690934126915157
2024-02-26,0.46060521250997905
2024-02-27,0.45333798945238
2024-02-28,0.45868591724147106
2024-02-29,0.4655690637052704
2024-03-01,0.5008113980885939
2024-03-04,0.5041766277402145
2024-03-05,0.5186365458358954
2024-03-06,0.5208969730736323
2024-03-07,0.5296688449660336
2024-03-08,0.5388902196294892
2024-03-11,0.5404874507180117
2024-03-12,0.552379293187466
2024-03-13,0.5464606206058692
2024-03-14,0.548838376854915
2024-03-15,0.5546907342311178
2024-03-18,0.5531319179302269
2024-03-19,0.5769327002193179
2024-03-20,0.5882094728566306
2024-03-21,0.5965924846842967
2024-03-22,0.5976924728774633
2024-03-25,0.5976932127725437
2024-03-26,0.5975095453736999
2024-03-27,0.5827359969877575
2024-04-03,0.5942765232680735
2024-04-04,0.6067502661319479
2024-04-05,0.5967128802951497
2024-04-08,0.5956741160017691
2024-04-09,0.6006883778241349
2024-04-10,0.6181714247721242
2024-04-11,0.6217173217655224
2024-04-12,0.6210290977923469
2024-04-15,0.6165860381085356
2024-04-16,0.6139987342942651
2024-04-17,0.6304454566170369
2024-04-18,0.630634743502468
2024-04-19,0.620112229332854
2024-04-22,0.6365417182392658
2024-04-23,0.6084580771281022
2024-04-24,0.6080244834424324
2024-04-25,0.6029617938132474
2024-04-26,0.6067115976048695
2024-04-29,0.6083972272556646
2024-04-30,0.6428722967703575
2024-05-02,0.6423983909011635
2024-05-03,0.665667443884069
2024-05-06,0.6692845400683051
2024-05-07,0.66737815250139
2024-05-08,0.667373908572084
2024-05-09,0.661882456251441
2024-05-10,0.669320315771802
2024-05-13,0.669847431125305
2024-05-14,0.6641889515419948
2024-05-15,0.6796289282189757
2024-05-16,0.678441708877475
2024-05-17,0.6811813175895569
2024-05-20,0.6812999359172155
2024-05-21,0.6811995175698262
2024-05-22,0.6850456482351237
2024-05-23,0.703562196587437
2024-05-24,0.695071048313076
2024-05-28,0.6955940333775447
2024-05-29,0.6992824268200526
2024-05-30,0.6806685390614609
2024-05-31,0.6604831262684706
2024-06-03,0.6597748888177624
2024-06-04,0.6527738485751782
2024-06-05,0.6505040224900043
2024-06-06,0.6510608375135799
2024-06-07,0.6497066323981054
2024-06-10,0.6491845606926092
2024-06-11,0.6437666947831355
2024-06-12,0.6494283619449609
2024-06-13,0.6498038362736397
2024-06-14,0.6499930348935635
2024-06-18,0.6254449066850684
2024-06-24,0.6415131572439473
2024-06-25,0.6487835594232805
2024-06-26,0.6474807181084842
2024-06-27,0.6516374774580087
2024-06-28,0.6500932975215568
2024-07-01,0.6458489093418641
2024-07-02,0.6609902996001856
2024-07-03,0.6498014239542842
2024-07-05,0.6611063714729242
2024-07-08,0.661157153192241
2024-07-10,0.6667359458785018
2024-07-11,0.6759621782448841
2024-07-12,0.6755417137637765
2024-07-15,0.6680724748714699
2024-07-16,0.6855294069208316
2024-07-17,0.626679420781175
2024-07-18,0.6147629046922838
2024-07-19,0.6167344660583244
2024-07-22,0.6105139812965523
2024-07-23,0.609819199425716
2024-07-24,0.6391078614900209
2024-07-25,0.6445575680950081
2024-07-26,0.6272273490143447
2024-07-29,0.6260437245828422
2024-07-30,0.629465701028074
2024-07-31,0.6614241918248032
2024-08-01,0.6517558810795092
2024-08-02,0.6811146845082174
2024-08-05,0.7134930393679936
2024-08-06,0.7135262596952088
2024-08-07,0.7190148792736404
2024-08-08,0.80624927934153
2024-08-09,0.8186935565568236
2024-08-12,0.8186237251961351
2024-08-13,0.8136031366897389
2024-08-14,0.8127936091827226
2024-08-15,0.7922765941574209
2024-08-16,0.7909968693042058
2024-08-19,0.7684682538318675
2024-08-20,0.7700575480699346
2024-08-21,0.762811757511784
2024-08-22,0.7451561040982353
2024-08-23,0.7391659629376859
2024-08-26,0.7426453717332313
2024-08-27,0.7418045727111877
2024-08-28,0.7331056081588588
2024-08-29,0.7330874117678847
2024-08-30,0.727975715482801
2024-09-03,0.7366173941522585
2024-09-04,0.7359923154654541
2024-09-05,0.7391366250999535
2024-09-06,0.7219298608245195
2024-09-09,0.7245626884967761
2024-09-10,0.7259253149905238
2024-09-11,0.7477335753863077
2024-09-12,0.7464418721102211
2024-09-13,0.7466221329562909
2024-09-16,0.7473695330615555
2024-09-17,0.7473156609099122
2024-09-18,0.7488715831131303
2024-09-19,0.7394204879223727
2024-09-20,0.7413695974784067
2024-09-23,0.7423727831435798
2024-09-24,0.7448104733152966
2024-09-25,0.7458420626493792
2024-09-26,0.7425598966652122
2024-09-27,0.7424549633198835
2024-09-30,0.7342490075652504
2024-10-01,0.724774964426358
2024-10-02,0.7249066329916105
2024-10-03,0.7250680492448787
2024-10-04,0.722735455066888
2024-10-07,0.7223885526160804
2024-10-08,0.7235908660677278
2024-10-09,0.7278082025084744
2024-10-10,0.7264900763435052
2024-10-14,0.7093246243950277
2024-10-15,0.7118919182544202
2024-10-16,0.7083361743090629
2024-10-17,0.7084212603869502
2024-10-18,0.706572571296276
2024-10-21,0.7074938779091599
2024-10-22,0.7081768475332078
2024-10-23,0.7125729238138235
2024-10-24,0.7193917435917728
2024-10-25,0.7194664656511844
2024-10-28,0.7222205343394437
2024-10-29,0.7232014933476532
2024-10-30,0.7250775517544621
2024-10-31,0.693059031334015
2024-11-01,0.6953558134888851
2024-11-04,0.6948988700912415
2024-11-05,0.6997822957352028
2024-11-06,0.6543523910892607
2024-11-07,0.6423865050095388
2024-11-08,0.6345632414318912
2024-11-11,0.6346821286610674
2024-11-12,0.6332390462388078
2024-11-13,0.6333026531329088
2024-11-14,0.6226681711101363
2024-11-15,0.5758034427616994
2024-11-19,0.5850846436391282
2024-11-20,0.5850743402958231
2024-11-21,0.5790012822895051
2024-11-22,0.5929783380902381
2024-11-25,0.5993437934032122
2024-11-26,0.6044833022824513
2024-11-27,0.6097147797104068
2024-11-29,0.6078810647864729
2024-12-02,0.6121140136138619
2024-12-03,0.6120410868999482
2024-12-04,0.6029568017714856
2024-12-05,0.6031324575122745
2024-12-06,0.601163505683902
2024-12-09,0.5997686975112076
2024-12-10,0.6001421404512136
2024-12-11,0.6005874111083276
2024-12-12,0.6050036723585358
2024-12-13,0.6049726071079087
2024-12-16,0.6109771259886851
2024-12-17,0.6177223137422496
2024-12-18,0.6512071635621359
2024-12-19,0.6524345075034489
2024-12-20,0.6456299998794206
2024-12-23,0.6397472240144841
2024-12-24,0.6432595293343049
2024-12-26,0.6437617628786925
2024-12-27,0.642860207338033
2024-12-30,0.645614754529013
2025-01-02,0.6400852661904504
2025-01-03,0.6322384469048411
2025-01-06,0.6206497133791522
2025-01-07,0.6138358697014781
2025-01-08,0.6144404134030278
2025-01-10,0.5670523541670613
2025-01-13,0.5650198349463049
2025-01-14,0.5626887854620563
2025-01-15,0.5254322290700069
2025-01-16,0.5293530118682606
2025-01-17,0.5359121880081406
2025-01-21,0.5282885973851085
2025-01-22,0.534133861920148
2025-01-23,0.5415578911861999
2025-01-24,0.5399657331187346
2025-01-27,0.5438937425131289
2025-01-28,0.5270485513460369
2025-01-29,0.5191072216131046
2025-01-30,0.5208697641810643
2025-01-31,0.5202417030953248
2025-02-03,0.5214422753971156
2025-02-04,0.5169941203115375
2025-02-05,0.5092098848842739
2025-02-06,0.5117585960615568
2025-02-07,0.5128445000829281
2025-02-10,0.5318906035385433
2025-02-11,0.5307851397443837
2025-02-12,0.5355153796020572
2025-02-13,0.5366033526175593
2025-02-14,0.5365497111000437
2025-02-18,0.5329575198801658
2025-02-19,0.5342979775358202
2025-02-20,0.5287375099295978
2025-02-21,0.5253819679008391
2025-02-24,0.528719014937905
2025-02-25,0.5298217244992902
2025-02-26,0.5297754818598142
2025-02-27,0.5593345154596926
2025-02-28,0.5468437451792829
2025-03-05,0.5334278133005937
2025-03-06,0.5095418830467653
2025-03-07,0.5189533545078808
2025-03-10,0.5350345734226218
2025-03-11,0.5369173290302396
2025-03-12,0.54076459685128
2025-03-13,0.5511840425117257
2025-03-14,0.5573067261720385
2025-03-17,0.5623548323393945
2025-03-18,0.5573335812108918
2025-03-19,0.5591766308616961
2025-03-20,0.5611377706519173
2025-03-21,0.5613810688242278
2025-03-25,0.5678391266901608
2025-03-26,0.5662323256576003
2025-03-27,0.5657033252194889
2025-03-28,0.5626978047668221
2025-03-31,0.5634809292896142
2025-04-01,0.5602228277600972
2025-04-03,0.6325303344684754
2025-04-04,0.6352468522171539
2025-04-07,0.6373896804226366
2025-04-08,0.6555766639375122
2025-04-09,0.6607053654680366
2025-04-10,0.6602942678182929
2025-04-11,0.6829906886166714
2025-04-14,0.705961934704747
2025-04-15,0.7080167827516404
2025-04-16,0.7001197978464885
2025-04-21,0.7493190795915656
2025-04-22,0.7178964843001332
2025-04-23,0.7325203304985521
2025-04-24,0.7075354679471481
2025-04-25,0.7073959743277038
2025-04-28,0.7074621361036342
2025-04-29,0.7045669559448969
2025-04-30,0.7031506076813704
2025-05-05,0.6900141339201701
2025-05-06,0.6824837817853828
2025-05-07,0.6846460490313401
2025-05-08,0.679783923101501
2025-05-09,0.6800338686995719
2025-05-12,0.6217120146671978
2025-05-13,0.6371944569939059
2025-05-14,0.6382783957843601
2025-05-15,0.638071301993841
2025-05-16,0.6482293501523813
2025-05-19,0.6484438197562261
2025-05-20,0.6449026453841417
2025-05-21,0.6358603362669428
2025-05-22,0.6356742542297991
2025-05-23,0.6297669957302963
2025-05-27,0.6377102178383709
2025-05-28,0.6345388305984271
2025-05-29,0.63298438456038
2025-05-30,0.6330989418211713
2025-06-02,0.6264971913585937
2025-06-03,0.616701840076806
2025-06-04,0.6166586184103888
2025-06-05,0.614673747263033
2025-06-06,0.6118909569740122
2025-06-09,0.6106483355702643
2025-06-10,0.6142842016302645
2025-06-11,0.6144426197156533
2025-06-12,0.6143823307937462
2025-06-13,0.6281603698475824
2025-06-17,0.6272683622344309
2025-06-18,0.6272418414104567
2025-06-23,0.6054764233130115
2025-06-24,0.6302096420519175
2025-06-25,0.6302060018187963
2025-06-26,0.6429176936684234
2025-06-27,0.6461759129135509
2025-06-30,0.64804338058871
2025-07-01,0.6491046067927715
2025-07-02,0.6532094029638845
2025-07-03,0.6500381760782985
2025-07-07,0.663217045698061
2025-07-08,0.6633464943792634
2025-07-10,0.6520322920386267
2025-07-11,0.6520637300803579
2025-07-14,0.6542337233580143
2025-07-15,0.6542052582850509
2025-07-16,0.6526909962474761
2025-07-17,0.649301232108171
2025-07-18,0.6492162063400214
2025-07-21,0.6484920079164935
2025-07-22,0.6482570516416316
2025-07-23,0.6468511057051828
2025-07-24,0.6467196361561026
2025-07-25,0.6491489999535068
2025-07-28,0.6490467874337363
2025-07-29,0.6464696131966382
2025-07-30,0.6454497156039132
2025-07-31,0.6431581998095016
2025-08-01,0.6495076085183928
2025-08-04,0.6285980497959437
2025-08-05,0.6314379247041957
2025-08-06,0.6333469329035294
2025-08-07,0.6331390935520272
2025-08-08,0.6321924084699135
2025-08-11,0.633537458555781
2025-08-12,0.6380084675923942
2025-08-13,0.6366642165322488
2025-08-14,0.6366128706402446
2025-08-18,0.63580942445012
2025-08-19,0.6429944409387536
2025-08-20,0.6438185476545335
2025-08-21,0.6454155441761246
2025-08-22,0.645730637685339
2025-08-25,0.6448432958915591
2025-08-26,0.648391426797427
2025-08-27,0.6496755119440857
2025-08-28,0.6438137445872458
2025-08-29,0.6335193146146237
2025-09-02,0.6314765071222621
2025-09-03,0.6201648334893171
2025-09-04,0.6144762135806108
2025-09-05,0.6161214833103498
2025-09-08,0.613675434062171
2025-09-09,0.6140547151993296
2025-09-10,0.6149444040113646
2025-09-11,0.6019126194145241
2025-09-12,0.6026955798447403
2025-09-15,0.6020745501171142
2025-09-16,0.6003954848930287
2025-09-17,0.6007319489102986
2025-09-18,0.5862828289657369
2025-09-19,0.582624610616065
2025-09-22,0.5926282820812204
2025-09-23,0.5902170940664018
2025-09-24,0.5829673794300683
2025-09-25,0.5899593534736545
2025-09-26,0.5846748837791487
2025-09-29,0.5869952483910182
2025-09-30,0.5827122347272051
2025-10-01,0.5867421411054599
2025-10-02,0.5878952321228608
2025-10-03,0.5879651432935377
2025-10-06,0.5837112759992252
2025-10-07,0.5960846746250753
2025-10-08,0.6044803943016159
2025-10-09,0.5896066935168432
2025-10-13,0.6256406264864236
2025-10-14,0.6264195034859915
2025-10-15,0.6310531631024394
2025-10-16,0.6207925234674244
2025-10-17,0.6276482433166383
2025-10-20,0.6459840279504488
2025-10-21,0.6460087275385981
2025-10-22,0.6611208383906859
2025-10-23,0.6564006459360241
2025-10-24,0.6561175987390468
2025-10-27,0.705264109204976
2025-10-28,0.7125418171067271
2025-10-29,0.7123941938385732
2025-10-30,0.7242910530335527
2025-10-31,0.7299779171979254
2025-11-03,0.7308550651197773
2025-11-04,0.7526406013717846
2025-11-05,0.7578347212178372
2025-11-06,0.7653489748286667
2025-11-07,0.768467632003413
2025-11-10,0.8319689469918801
2025-11-11,0.8336765156013732
2025-11-12,0.8323939564801758
2025-11-13,0.8729772929873977
2025-11-14,0.8706007111013512
2025-11-17,0.8798861386144983
2025-11-18,0.8822456837539357
2025-11-19,0.8811134009691896
2025-11-20,0.9023077278350751
2025-11-21,0.8884649708741363
2025-11-25,0.8518509941877956
2025-11-26,0.851075648187011
2025-11-28,0.867450904005317
2025-12-01,0.8649821297224111
2025-12-02,0.8615976985292473
2025-12-03,0.8625124638504552
2025-12-04,0.8625678963413111
2025-12-05,0.8614923538846887
2025-12-09,0.8677561354696063
2025-12-10,0.8635440091050915
2025-12-11,0.857531059469784
2025-12-12,0.8489103487989873
2025-12-15,0.848051716660289
2025-12-16,0.8422372352019184
2025-12-17,0.8267211292237945
2025-12-18,0.84136918041162
2025-12-19,0.8309712041602078
2025-12-22,0.8201526196490161
2025-12-23,0.8130694221813087
2025-12-24,0.812563671795164
2025-12-26,0.8123227827809893
2025-12-29,0.8193047473471458
2025-12-30,0.8174652877729394
2026-01-02,0.8208712524791614
2026-01-05,0.8336286692412372
2026-01-06,0.8239572496094247
2026-01-07,0.8261033454936769
2026-01-08,0.826107555734282
2026-01-09,0.8341969501897118
2026-01-12,0.8325725691607421
2026-01-13,0.8343852702135109
2026-01-14,0.835940392560955
2026-01-15,0.8367169113303752
2026-01-16,0.8357347254020856
2026-01-20,0.8232978666645259
2026-01-21,0.8454637661397251
2026-01-22,0.8505620932899003
2026-01-23,0.8507969764198562
2026-01-26,0.851501464541591
2026-01-27,0.8425853893831029
2026-01-28,0.8426191374383045
2026-01-29,0.8404694191140316
2026-01-30,0.8428414996129134
2026-02-02,0.8376048316351455
2026-02-03,0.838193757687645
2026-02-04,0.8439975647516246
2026-02-05,0.8648471840036408
2026-02-06,0.9148948275111366
2026-02-09,0.910289270508582
2026-02-10,0.911931082303463
2026-02-11,0.9118692629244913
2026-02-12,0.9461980799371197
2026-02-13,0.9481366997252898
2026-02-18,0.9353535513221589
2026-02-19,0.938977375097
2026-02-20,0.9260222663935999
2026-02-23,0.9514443548416135
2026-02-24,0.930007944263169
2026-02-25,0.9359094159863385
2026-02-26,0.9360608898802576
2026-02-27,0.9372472681996964
2026-03-02,0.936178926261996
2026-03-03,0.9749583741601571
2026-03-04,0.9954430845917607
2026-03-05,0.9705155162041239
2026-03-06,0.9288926484497715
2026-03-09,0.9344319401067946
2026-03-10,0.9342040819412183
2026-03-11,0.9330185917768015
2026-03-12,0.9566283648098232
2026-03-13,0.9767529252019517
2026-03-16,0.9766815674907664
2026-03-17,0.9773372382379516
2026-03-18,0.9586056067608648
2026-03-19,0.9586571244540291
2026-03-20,0.9637554194454953
2026-03-23,0.9627052408942343
2026-03-25,0.9621758956660013
2026-03-26,0.9367935035015121
2026-03-27,0.9241734846582292
2026-03-30,0.9077672839995682
2026-03-31,0.9652371513762548
2026-04-01,0.9810190090151253
2026-04-06,0.9887131402787374
2026-04-07,0.9866601415417471
2026-04-08,0.9339425525219687
2026-04-09,0.9417971749064107
2026-04-10,0.9404062705815643
2026-04-13,0.9451948230425832
2026-04-14,0.9238293913317049
2026-04-15,0.9171922891723167
2026-04-16,0.9146292391900713
2026-04-17,0.9053130631149017
2026-04-20,0.905362635685074
2026-04-21,0.9037343844035793
2026-04-22,0.9038199717160126
2026-04-23,0.899723884379742
2026-04-24,0.8966764099079932
2026-04-27,0.8963088541237689
2026-04-28,0.8976471459311002
2026-04-29,0.8974471351362705
2026-04-30,0.8816528152866457
2026-05-01,0.8773040045930399
2026-05-04,0.8779061837606458
2026-05-05,0.8710204363132896
2026-05-06,0.8731915276097488
2026-05-07,0.8741599721132074
2026-05-08,0.8699771230255812
2026-05-11,0.8705949218612754
2026-05-12,0.8700003338381552
2026-05-13,0.8732914896135561
2026-05-14,0.8717616252506769
2026-05-15,0.8709680450934345
2026-05-18,0.8720767746288963
2026-05-19,0.8721277482796469
2026-05-20,0.8736532441266772
2026-05-21,0.8752265753616503
2026-05-22,0.8757515375053156
2026-05-26,0.8836094458582522
2026-05-27,0.8838205596276032
2026-05-28,0.8856098077434867
2026-05-29,0.8871133434676958
2026-06-01,0.886916482202949
2026-06-02,0.884420633712473
2026-06-03,0.8799171709691151
2026-06-04,0.879484138204198
2026-06-05,0.8893383228217498
2026-06-08,0.8901166368614919
2026-06-09,0.886959477940593
2026-06-10,0.8691511948764462
2026-06-11,0.8744893209249379
2026-06-12,0.874566383638289
2026-06-15,0.8746039570060961
2026-06-16,0.890256625965391
2026-06-17,0.8774115586795319
2026-06-18,0.8764422750797368
2026-06-22,0.8792095122523411
2026-06-23,0.8610734593228672
2026-06-24,0.8613876994170167
2026-06-25,0.861515425588115
2026-06-26,0.8615575862829381
2026-06-29,0.8492479284567985
2026-06-30,0.8442119459393636
2026-07-01,0.8444537094213911
2026-07-02,0.8444540922236927
2026-07-06,0.8432855257567358
2026-07-07,0.8438274979199187
2026-07-08,0.84593715050439
2026-07-09,0.8364679158350821
2026-07-10,0.8430955110677965
2026-07-13,0.849816850843557
2026-07-14,0.8479739169102788
2026-07-15,0.8493494452659892
2026-07-16,0.854849665291731
2026-07-17,0.8476430268335678
2026-07-20,0.8462819521881022
2026-07-21,0.8511201126600446
2026-07-22,0.8505678057382975
2026-07-23,0.8506090632606789
